GT_Lat,GT_Lon,GT_Depth,Est_Lat,Est_Lon,Est_depth
39.83715289244791,-70.90646243748567,10.0,39.83699590058014,-70.90660681139916,nan
39.83715289244791,-70.90061264492535,10.0,39.8372371036801,-70.90061264492535,nan
39.83715289244791,-70.89476285236502,10.0,39.837240163525856,-70.89484123272507,nan
39.84164446886851,-70.90646243748567,10.0,39.84164446886851,-70.9023675746659,nan
39.84164446886851,-70.90061264492535,10.0,nan,nan,nan
39.84164446886851,-70.89476285236502,10.0,nan,nan,nan
39.84613604528911,-70.90646243748567,10.0,39.845763257145606,-70.90612368138041,nan
39.84613604528911,-70.90061264492535,10.0,39.846051834056915,-70.90061264492535,nan
39.84613604528911,-70.89476285236502,10.0,39.845985317770435,-70.89489910148332,nan
